{".v": 1747771724.8560672, ".world": 1746413819.344887, ".work": 1747771814.8564281, ".put all": 1747590138.473618, ".ac": 1746412649.3438652, ".fame": 1746408533.021603, ".cc": 1747772310.664361, ".p": 1746411929.344695, ".gen1": 1747590408.495748}