{".v": 1737214725.246021, ".world": 1737219963.3939562, ".work": 1737216075.244919, ".put all": 1737220008.394152, ".ac": 1737219243.7903628, ".fame": 1737202174.089587, ".cc": 1737211169.918876, ".p": 1737217093.475034}