{".v": 1744659198.412555, ".world": 1744660570.920705, ".work": 1744659895.661013, ".put all": 1744659669.765698, ".ac": 1744659206.739498, ".fame": 1744660119.766321, ".cc": 1744659849.765656, ".p": 1744660390.9193358, ".gen1": 1744660435.918581}