{".v": 1737048822.8031669, ".world": 1737048163.427702, ".work": 1737046943.325826, ".put all": 1737047482.603765, ".ac": 1737048762.801486}